{"cameraMode":{"drawMode":0,"name":"Shaded","section":"Shading Mode"},"sceneLighting":true,"audioPlay":false,"sceneViewState":{"m_AlwaysRefresh":false,"showFog":true,"showSkybox":true,"showFlares":true,"showImageEffects":true,"showParticleSystems":true,"showVisualEffectGraphs":true,"m_FxEnabled":true},"in2DMode":false,"pivot":{"x":1.200174331665039,"y":0.24166151881217957,"z":9.023965835571289},"rotation":{"x":-0.03867720812559128,"y":-0.012425615452229977,"z":0.0008286849479191005,"w":-0.9993736743927002},"size":12.333505630493164,"orthographic":false}