{"cameraMode":{"drawMode":0,"name":"Shaded","section":"Shading Mode"},"sceneLighting":true,"audioPlay":false,"sceneViewState":{"m_AlwaysRefresh":false,"showFog":true,"showSkybox":true,"showFlares":true,"showImageEffects":true,"showParticleSystems":true,"showVisualEffectGraphs":true,"m_FxEnabled":true},"in2DMode":false,"pivot":{"x":1.2248742580413819,"y":0.19249780476093293,"z":12.291670799255371},"rotation":{"x":0.06714197993278504,"y":0.009053872898221016,"z":-0.0009707832359708846,"w":0.9978633522987366},"size":12.35468578338623,"orthographic":false}