{"cameraMode":{"drawMode":0,"name":"Shaded","section":"Shading Mode"},"sceneLighting":true,"audioPlay":false,"sceneViewState":{"m_AlwaysRefresh":false,"showFog":true,"showSkybox":true,"showFlares":true,"showImageEffects":true,"showParticleSystems":true,"showVisualEffectGraphs":true,"m_FxEnabled":true},"in2DMode":false,"pivot":{"x":0.6457428932189941,"y":-0.6637945175170898,"z":-5.636207580566406},"rotation":{"x":-0.1723024845123291,"y":-0.03659538924694061,"z":-0.006958942860364914,"w":0.9844604134559631},"size":1.604873538017273,"orthographic":false}