{"cameraMode":{"drawMode":0,"name":"Shaded","section":"Shading Mode"},"sceneLighting":true,"audioPlay":false,"sceneViewState":{"m_AlwaysRefresh":false,"showFog":true,"showSkybox":true,"showFlares":true,"showImageEffects":true,"showParticleSystems":true,"showVisualEffectGraphs":true,"m_FxEnabled":true},"in2DMode":false,"pivot":{"x":-0.2813687324523926,"y":0.8265409469604492,"z":11.115467071533204},"rotation":{"x":-0.028190137818455697,"y":0.017559261992573739,"z":-0.00014540314441546798,"w":-0.9996480941772461},"size":12.333505630493164,"orthographic":false}