{"cameraMode":{"drawMode":0,"name":"Shaded","section":"Shading Mode"},"sceneLighting":true,"audioPlay":false,"sceneViewState":{"m_AlwaysRefresh":false,"showFog":true,"showSkybox":true,"showFlares":true,"showImageEffects":true,"showParticleSystems":true,"showVisualEffectGraphs":true,"m_FxEnabled":true},"in2DMode":false,"pivot":{"x":0.2967474162578583,"y":2.941601037979126,"z":-11.114585876464844},"rotation":{"x":0.147020623087883,"y":-0.031067684292793275,"z":0.0046220822259783749,"w":0.9886634349822998},"size":1.8255475759506226,"orthographic":false}