{"cameraMode":{"drawMode":0,"name":"Shaded","section":"Shading Mode"},"sceneLighting":true,"audioPlay":false,"sceneViewState":{"m_AlwaysRefresh":false,"showFog":true,"showSkybox":true,"showFlares":true,"showImageEffects":true,"showParticleSystems":true,"showVisualEffectGraphs":true,"m_FxEnabled":true},"in2DMode":false,"pivot":{"x":5.283669948577881,"y":-3.3784961700439455,"z":-11.894739151000977},"rotation":{"x":-0.04529841989278793,"y":-0.00887808483093977,"z":-0.0007791784591972828,"w":0.9990856051445007},"size":0.8660253882408142,"orthographic":false}