{"cameraMode":{"drawMode":0,"name":"Shaded","section":"Shading Mode"},"sceneLighting":true,"audioPlay":false,"sceneViewState":{"m_AlwaysRefresh":false,"showFog":true,"showSkybox":true,"showFlares":true,"showImageEffects":true,"showParticleSystems":true,"showVisualEffectGraphs":true,"m_FxEnabled":true},"in2DMode":false,"pivot":{"x":-0.25331971049308779,"y":0.7784251570701599,"z":19.609291076660158},"rotation":{"x":-0.0011908741435036064,"y":0.01904926262795925,"z":0.00016682241403032094,"w":-1.0000019073486329},"size":14.426129341125489,"orthographic":false}