{"cameraMode":{"drawMode":0,"name":"Shaded","section":"Shading Mode"},"sceneLighting":true,"audioPlay":false,"sceneViewState":{"m_AlwaysRefresh":false,"showFog":true,"showSkybox":true,"showFlares":true,"showImageEffects":true,"showParticleSystems":true,"showVisualEffectGraphs":true,"m_FxEnabled":true},"in2DMode":false,"pivot":{"x":1.49952232837677,"y":-4.958047389984131,"z":25.600893020629884},"rotation":{"x":0.07612645626068115,"y":0.00006974258576519787,"z":-0.00036195496795699,"w":0.997260570526123},"size":16.26300048828125,"orthographic":false}