{"cameraMode":{"drawMode":0,"name":"Shaded","section":"Shading Mode"},"sceneLighting":false,"audioPlay":false,"sceneViewState":{"m_AlwaysRefresh":false,"showFog":true,"showSkybox":false,"showFlares":true,"showImageEffects":true,"showParticleSystems":true,"showVisualEffectGraphs":true,"m_FxEnabled":true},"in2DMode":false,"pivot":{"x":4.181000232696533,"y":-2.4630000591278078,"z":-0.06599999219179154},"rotation":{"x":0.1356433629989624,"y":-0.04898097738623619,"z":0.006320061162114143,"w":0.9896965026855469},"size":0.4330126941204071,"orthographic":false}