{"cameraMode":{"drawMode":0,"name":"Shaded","section":"Shading Mode"},"sceneLighting":false,"audioPlay":false,"sceneViewState":{"m_AlwaysRefresh":false,"showFog":true,"showSkybox":false,"showFlares":true,"showImageEffects":true,"showParticleSystems":true,"showVisualEffectGraphs":true,"m_FxEnabled":true},"in2DMode":false,"pivot":{"x":1.6214492321014405,"y":-0.1067194864153862,"z":-0.9058589339256287},"rotation":{"x":0.04829826205968857,"y":0.013031904585659504,"z":0.0009031619410961866,"w":-0.9989908337593079},"size":7.528578281402588,"orthographic":false}